Keyword,	Link,	 Title
dna,	https://en.wikipedia.org/wiki/DNA,DNA - Wikipedia
dna,	https://en.wikipedia.org/wiki/DNA_sequencing,DNA sequencing - Wikipedia
dna,	https://en.wikipedia.org/wiki/DNA_replication,DNA replication - Wikipedia
dna,	https://en.wikipedia.org/wiki/DNA_methylation,DNA methylation - Wikipedia
dna,	https://en.wikipedia.org/wiki/DNA_profiling,DNA profiling - Wikipedia
dna,	https://en.wikipedia.org/wiki/DNA_repair,DNA repair - Wikipedia
dna,	https://en.wikipedia.org/wiki/Nucleic_acid_sequence,Nucleic acid sequence - Wikipedia
dna,	https://en.wikipedia.org/wiki/DNA_polymerase,DNA polymerase - Wikipedia
dna,	https://en.wikipedia.org/wiki/DNA_microarray,DNA microarray - Wikipedia
dna,	https://en.wikipedia.org/wiki/DNA_barcoding,DNA barcoding - Wikipedia
dna,	https://en.wikipedia.org/wiki/DNA_(American_band),DNA (American band) - Wikipedia
dna,	https://en.wikipedia.org/wiki/Mitochondrial_DNA,Mitochondrial DNA - Wikipedia
dna,	https://en.wikipedia.org/wiki/DNA_origami,DNA origami - Wikipedia
dna,	https://en.wikipedia.org/wiki/DNA_computing,DNA computing - Wikipedia
dna,	https://en.wikipedia.org/wiki/DNA_virus,DNA virus - Wikipedia
dna,	https://en.wikipedia.org/wiki/DNA_ligase,DNA ligase - Wikipedia
dna,	https://en.wikipedia.org/wiki/Recombinant_DNA,Recombinant DNA - Wikipedia
dna,	https://en.wikipedia.org/wiki/Genealogical_DNA_test,Genealogical DNA test - Wikipedia
dna,	https://en.wikipedia.org/wiki/DNA_(duo),DNA (duo) - Wikipedia
dna,	https://en.wikipedia.org/wiki/DNA_damage_(naturally_occurring),DNA damage (naturally occurring) - Wikipedia
dna,	https://en.wikipedia.org/wiki/Ancient_DNA,Ancient DNA - Wikipedia
dna,	https://en.wikipedia.org/wiki/DNA_Oyj,DNA Oyj - Wikipedia
dna,	https://en.wikipedia.org/wiki/DNA_digital_data_storage,DNA digital data storage - Wikipedia
dna,	https://en.wikipedia.org/wiki/DNA_vaccine,DNA vaccine - Wikipedia
dna,	https://en.wikipedia.org/wiki/DNA_gyrase,DNA gyrase - Wikipedia
dna,	https://en.wikipedia.org/wiki/DNA_(Little_Mix_album),DNA (Little Mix album) - Wikipedia
dna,	https://en.wikipedia.org/wiki/DNA_methyltransferase,DNA methyltransferase - Wikipedia
dna,	https://en.wikipedia.org/wiki/Complementary_DNA,Complementary DNA - Wikipedia
dna,	https://en.wikipedia.org/wiki/DNA_synthesis,DNA synthesis - Wikipedia
dna,	https://en.wikipedia.org/wiki/DNA_(Backstreet_Boys_album),DNA (Backstreet Boys album) - Wikipedia
rna,	https://en.wikipedia.org/wiki/RNA,RNA - Wikipedia
rna,	https://en.wikipedia.org/wiki/RNA_world,RNA world - Wikipedia
rna,	https://en.wikipedia.org/wiki/RNA_interference,RNA interference - Wikipedia
rna,	https://en.wikipedia.org/wiki/Messenger_RNA,Messenger RNA - Wikipedia
rna,	https://en.wikipedia.org/wiki/RNA_virus,RNA virus - Wikipedia
rna,	https://en.wikipedia.org/wiki/RNA-Seq,RNA-Seq - Wikipedia
rna,	https://en.wikipedia.org/wiki/RNA_polymerase,RNA polymerase - Wikipedia
rna,	https://en.wikipedia.org/wiki/Non-coding_RNA,Non-coding RNA - Wikipedia
rna,	https://en.wikipedia.org/wiki/Ribosomal_RNA,Ribosomal RNA - Wikipedia
rna,	https://en.wikipedia.org/wiki/transfer_RNA,Transfer RNA - Wikipedia
rna,	https://en.wikipedia.org/wiki/RNA_polymerase_III,RNA polymerase III - Wikipedia
rna,	https://en.wikipedia.org/wiki/RNA-dependent_RNA_polymerase,RNA-dependent RNA polymerase - Wikipedia
rna,	https://en.wikipedia.org/wiki/MRNA_vaccine,mRNA vaccine - Wikipedia
rna,	https://en.wikipedia.org/wiki/RNA_splicing,RNA splicing - Wikipedia
rna,	https://en.wikipedia.org/wiki/RNA_editing,RNA editing - Wikipedia
rna,	https://en.wikipedia.org/wiki/RNA_polymerase_II,RNA polymerase II - Wikipedia
rna,	https://en.wikipedia.org/wiki/Long_non-coding_RNA,Long non-coding RNA - Wikipedia
rna,	https://en.wikipedia.org/wiki/RNA-induced_silencing_complex,RNA-induced silencing complex - Wikipedia
rna,	https://en.wikipedia.org/wiki/Positive-strand_RNA_virus,Positive-strand RNA virus - Wikipedia
rna,	https://en.wikipedia.org/wiki/DNA,DNA - Wikipedia
rna,	https://en.wikipedia.org/wiki/Small_interfering_RNA,Small interfering RNA - Wikipedia
rna,	https://en.wikipedia.org/wiki/RNA_polymerase_I,RNA polymerase I - Wikipedia
rna,	https://en.wikipedia.org/wiki/RNA-binding_protein,RNA-binding protein - Wikipedia
rna,	https://en.wikipedia.org/wiki/Single-cell_sequencing,Single-cell sequencing - Wikipedia
rna,	https://en.wikipedia.org/wiki/Transcription_(biology),Transcription (biology) - Wikipedia
rna,	https://en.wikipedia.org/wiki/RNA_silencing,RNA silencing - Wikipedia
rna,	https://en.wikipedia.org/wiki/Small_nuclear_RNA,Small nuclear RNA - Wikipedia
rna,	https://en.wikipedia.org/wiki/Y_RNA,Y RNA - Wikipedia
rna,	https://en.wikipedia.org/wiki/RNA_polymerase_IV,RNA polymerase IV - Wikipedia
rna,	https://en.wikipedia.org/wiki/Orthornavirae,Orthornavirae - Wikipedia
protein,	https://en.wikipedia.org/wiki/Protein,Protein - Wikipedia
protein,	https://en.wikipedia.org/wiki/Protein_(nutrient),Protein (nutrient) - Wikipedia
protein,	https://en.wikipedia.org/wiki/Protein_folding,Protein folding - Wikipedia
protein,	https://en.wikipedia.org/wiki/Protein_biosynthesis,Protein biosynthesis - Wikipedia
protein,	https://en.wikipedia.org/wiki/Protein_kinase,Protein kinase - Wikipedia
protein,	https://en.wikipedia.org/wiki/Protein%E2%80%93protein_interaction,Proteinâ€“protein interaction - Wikipedia
protein,	https://en.wikipedia.org/wiki/Transmembrane_protein,Transmembrane protein - Wikipedia
protein,	https://en.wikipedia.org/wiki/Protein_domain,Protein domain - Wikipedia
protein,	https://en.wikipedia.org/wiki/Protein_kinase_A,Protein kinase A - Wikipedia
protein,	https://en.wikipedia.org/wiki/Protein_C,Protein C - Wikipedia
protein,	https://en.wikipedia.org/wiki/Protein_complex,Protein complex - Wikipedia
protein,	https://en.wikipedia.org/wiki/Tau_protein,Tau protein - Wikipedia
protein,	https://en.wikipedia.org/wiki/wikt:protein,protein - Wiktionary, the free dictionary
protein,	https://en.wikipedia.org/wiki/C-reactive_protein,C-reactive protein - Wikipedia
protein,	https://en.wikipedia.org/wiki/Protein_S,Protein S - Wikipedia
protein,	https://en.wikipedia.org/wiki/Protein_Data_Bank,Protein Data Bank - Wikipedia
protein,	https://en.wikipedia.org/wiki/Protein_dynamics,Protein dynamics - Wikipedia
protein,	https://en.wikipedia.org/wiki/Fusion_protein,Fusion protein - Wikipedia
protein,	https://en.wikipedia.org/wiki/Acute-phase_protein,Acute-phase protein - Wikipedia
protein,	https://en.wikipedia.org/wiki/G_protein-coupled_receptor,G protein-coupled receptor - Wikipedia
protein,	https://en.wikipedia.org/wiki/G_protein,G protein - Wikipedia
protein,	https://en.wikipedia.org/wiki/Protein_design,Protein design - Wikipedia
protein,	https://en.wikipedia.org/wiki/Green_fluorescent_protein,Green fluorescent protein - Wikipedia
protein,	https://en.wikipedia.org/wiki/Protein_microarray,Protein microarray - Wikipedia
protein,	https://en.wikipedia.org/wiki/Protein_isoform,Protein isoform - Wikipedia
protein,	https://en.wikipedia.org/wiki/Protein_A,Protein A - Wikipedia
protein,	https://en.wikipedia.org/wiki/Proteinopathy,Proteinopathy - Wikipedia
protein,	https://en.wikipedia.org/wiki/Unfolded_protein_response,Unfolded protein response - Wikipedia
protein,	https://en.wikipedia.org/wiki/Plasma_protein_binding,Plasma protein binding - Wikipedia
protein,	https://en.wikipedia.org/wiki/Protein_structure_prediction,Protein structure prediction - Wikipedia
cell,	https://en.wikipedia.org/wiki/Cell_(biology),Cell (biology) - Wikipedia
cell,	https://en.wikipedia.org/wiki/cell_membrane,Cell membrane - Wikipedia
cell,	https://en.wikipedia.org/wiki/Immortalised_cell_line,Immortalised cell line - Wikipedia
cell,	https://en.wikipedia.org/wiki/Cell_cycle,Cell cycle - Wikipedia
cell,	https://en.wikipedia.org/wiki/Cell_(processor),Cell (processor) - Wikipedia
cell,	https://en.wikipedia.org/wiki/Cell_wall,Cell wall - Wikipedia
cell,	https://en.wikipedia.org/wiki/Cell_culture,Cell culture - Wikipedia
cell,	https://en.wikipedia.org/wiki/T_cell,T cell - Wikipedia
cell,	https://en.wikipedia.org/wiki/Cell_growth,Cell growth - Wikipedia
cell,	https://en.wikipedia.org/wiki/Cell_division,Cell division - Wikipedia
cell,	https://en.wikipedia.org/wiki/Cell_biology,Cell biology - Wikipedia
cell,	https://en.wikipedia.org/wiki/Electrochemical_cell,Electrochemical cell - Wikipedia
cell,	https://en.wikipedia.org/wiki/Stem_cell,Stem cell - Wikipedia
cell,	https://en.wikipedia.org/wiki/Cell_signaling,Cell signaling - Wikipedia
cell,	https://en.wikipedia.org/wiki/Solar_cell,Solar cell - Wikipedia
cell,	https://en.wikipedia.org/wiki/Cell_site,Cell site - Wikipedia
cell,	https://en.wikipedia.org/wiki/Mobile_phone,Mobile phone - Wikipedia
cell,	https://en.wikipedia.org/wiki/Cell_nucleus,Cell nucleus - Wikipedia
cell,	https://en.wikipedia.org/wiki/Cell_proliferation,Cell proliferation - Wikipedia
cell,	https://en.wikipedia.org/wiki/Fuel_cell,Fuel cell - Wikipedia
cell,	https://en.wikipedia.org/wiki/Cell_adhesion,Cell adhesion - Wikipedia
cell,	https://en.wikipedia.org/wiki/Cell_theory,Cell theory - Wikipedia
cell,	https://en.wikipedia.org/wiki/Cell_(film),Cell (film) - Wikipedia
cell,	https://en.wikipedia.org/wiki/White_blood_cell,White blood cell - Wikipedia
cell,	https://en.wikipedia.org/wiki/Red_blood_cell,Red blood cell - Wikipedia
cell,	https://en.wikipedia.org/wiki/Eukaryote,Eukaryote - Wikipedia
cell,	https://en.wikipedia.org/wiki/B_cell,B cell - Wikipedia
cell,	https://en.wikipedia.org/wiki/Sickle_cell_disease,Sickle cell disease - Wikipedia
cell,	https://en.wikipedia.org/wiki/Cell_(journal),Cell (journal) - Wikipedia
cell,	https://en.wikipedia.org/wiki/Basal-cell_carcinoma,Basal-cell carcinoma - Wikipedia
gene,	https://en.wikipedia.org/wiki/Gene,Gene - Wikipedia
gene,	https://en.wikipedia.org/wiki/Gene_expression,Gene expression - Wikipedia
gene,	https://en.wikipedia.org/wiki/Gene_Kelly,Gene Kelly - Wikipedia
gene,	https://en.wikipedia.org/wiki/Gene_therapy,Gene therapy - Wikipedia
gene,	https://en.wikipedia.org/wiki/Gene_Roddenberry,Gene Roddenberry - Wikipedia
gene,	https://en.wikipedia.org/wiki/Gene_Simmons,Gene Simmons - Wikipedia
gene,	https://en.wikipedia.org/wiki/Gene_(band),Gene (band) - Wikipedia
gene,	https://en.wikipedia.org/wiki/Gene_Wilder,Gene Wilder - Wikipedia
gene,	https://en.wikipedia.org/wiki/Gene_Autry,Gene Autry - Wikipedia
gene,	https://en.wikipedia.org/wiki/Gene_Hackman,Gene Hackman - Wikipedia
gene,	https://en.wikipedia.org/wiki/Gene_drive,Gene drive - Wikipedia
gene,	https://en.wikipedia.org/wiki/Regulation_of_gene_expression,Regulation of gene expression - Wikipedia
gene,	https://en.wikipedia.org/wiki/Gene_duplication,Gene duplication - Wikipedia
gene,	https://en.wikipedia.org/wiki/Gene_flow,Gene flow - Wikipedia
gene,	https://en.wikipedia.org/wiki/Horizontal_gene_transfer,Horizontal gene transfer - Wikipedia
gene,	https://en.wikipedia.org/wiki/Gene_regulatory_network,Gene regulatory network - Wikipedia
gene,	https://en.wikipedia.org/wiki/IBM_Blue_Gene,IBM Blue Gene - Wikipedia
gene,	https://en.wikipedia.org/wiki/Gene_Ontology,Gene Ontology - Wikipedia
gene,	https://en.wikipedia.org/wiki/Gene_Krupa,Gene Krupa - Wikipedia
gene,	https://en.wikipedia.org/wiki/Gene_Clark,Gene Clark - Wikipedia
gene,	https://en.wikipedia.org/wiki/Gene_Pitney,Gene Pitney - Wikipedia
gene,	https://en.wikipedia.org/wiki/Gene_Tierney,Gene Tierney - Wikipedia
gene,	https://en.wikipedia.org/wiki/Gene_Sharp,Gene Sharp - Wikipedia
gene,	https://en.wikipedia.org/wiki/Gene_Wolfe,Gene Wolfe - Wikipedia
gene,	https://en.wikipedia.org/wiki/Gene_Robinson,Gene Robinson - Wikipedia
gene,	https://en.wikipedia.org/wiki/Gene_product,Gene product - Wikipedia
gene,	https://en.wikipedia.org/wiki/Gene_Markey,Gene Markey - Wikipedia
gene,	https://en.wikipedia.org/wiki/Gene_Spafford,Gene Spafford - Wikipedia
gene,	https://en.wikipedia.org/wiki/Gene_Amdahl,Gene Amdahl - Wikipedia
gene,	https://en.wikipedia.org/wiki/Gene_Vincent,Gene Vincent - Wikipedia
